VERSION,1,,,,,,,,,,,,,,,,,,,,,,,,,,,,,,,,,,,,,,,,,,,,,,,,,,,,,,,,,,,,,,,,,,,,,,,,,,,,,,,,,,,,,,,,,,,
0x03,0x03,0x03,0x03,0x03,0x03,0x03,0x03,0x03,0x03,0x03,0x03,0x03,0x03,0x03,0x03,0x03,0x03,0x03,0x03,0x03,0x03,0x03,0x03,0x03,0x03,0x03,0x03,0x03,0x03,0x03,0x03,0x03,0x03,0x03,0x03,0x03,0x03,0x03,0x03,0x03,0x03,0x03,0x03,0x03,0x03,0x03,0x03,0x03,0x03,0x03,0x03,0x03,0x03,0x03,0x03,0x03,0x03,0x03,0x03,0x03,0x03,0x03,0x03,0x03,0x03,0x03,0x03,0x03,0x03,0x03,0x03,0x03,0x03,0x03,0x03,0x03,0x03,0x03,0x03,0x03,0x03,0x03,0x03,0x03,0x03,0x03,0x03,0x03,0x03,0x03,24,24
0x03,0x03,0x03,0x03,0x03,0x03,0x03,0x03,0x03,0x03,0x03,0x03,0x03,0x03,0x03,0x03,0x03,0x03,0x03,0x03,0x03,0x03,0x03,0x03,0x03,0x03,0x03,0x03,0x03,0x03,0x03,0x03,0x03,0x03,0x03,0x03,0x03,0x03,0x03,0x03,0x03,0x03,0x03,0x03,0x03,0x03,0x03,0x03,0x03,0x03,0x03,0x03,0x03,0x03,0x03,0x03,0x03,0x03,0x03,0x03,0x03,0x03,0x03,0x03,0x03,0x03,0x03,0x03,0x03,0x03,0x03,0x03,0x03,0x03,0x03,0x03,0x03,0x03,0x03,0x03,0x03,0x03,0x03,0x03,0x03,0x03,0x03,0x03,0x03,0x03,0x03,24,24
0x03,0x01,0x02,0x03,0x03,0x01,0x02,0x03,0x03,0x01,0x02,0x03,0x03,0x01,0x02,0x03,0x03,0x01,0x02,0x03,0x03,0x01,0x02,0x03,0x03,0x01,0x02,0x03,0x03,0x01,0x02,0x03,0x03,0x01,0x02,0x03,0x03,0x01,0x02,0x03,0x03,0x01,0x02,0x03,0x03,0x01,0x02,0x03,0x03,0x01,0x02,0x03,0x03,0x01,0x02,0x03,0x03,0x01,0x02,0x03,0x03,0x01,0x02,0x03,0x03,0x01,0x02,0x03,0x03,0x01,0x02,0x03,0x03,0x01,0x02,0x03,0x03,0x01,0x02,0x03,0x03,0x01,0x02,0x03,0x03,0x01,0x02,0x03,0x03,0x03,0x03,24,24
0x03,0,0,0x03,0x03,0,0,0x03,0x03,0,0,0x03,0x03,0,0,0x03,0x03,0,0,0x03,0x03,0,0,0x03,0x03,0,0,0x03,0x03,0,0,0x03,0x03,0,0,0x03,0x03,0,0,0x03,0x03,0,0,0x03,0x03,0,0,0x03,0x03,0,0,0x03,0x03,0,0,0x03,0x03,0,0,0x03,0x03,0,0,0x03,0x03,0,0,0x03,0x03,0,0,0x03,0x03,0,0,0x03,0x03,0,0,0x03,0x03,0,0,0x03,0x03,0,0,0x03,0x03,0x03,0x03,24,24
0x03,0,0,0x03,0x03,0,0,0x03,0x03,0,0,0x03,0x03,0,0,0x03,0x03,0,0,0x03,0x03,0,0,0x03,0x03,0,0,0x03,0x03,0,0,0x03,0x03,0,0,0x03,0x03,0,0,0x03,0x03,0,0,0x03,0x03,0,0,0x03,0x03,0,0,0x03,0x03,0,0,0x03,0x03,0,0,0x03,0x03,0,0,0x03,0x03,0,0,0x03,0x03,0,0,0x03,0x03,0,0,0x03,0x03,0,0,0x03,0x03,0,0,0x03,0x03,0,0,0x03,0x03,0x03,0x03,24,24
0x03,0,0,0x03,0x03,0,0,0x03,0x03,0,0,0x03,0x03,0,0,0x03,0x03,0,0,0x03,0x03,0,0,0x03,0x03,0,0,0x03,0x03,0,0,0x03,0x03,0,0,0x03,0x03,0,0,0x03,0x03,0,0,0x03,0x03,0,0,0x03,0x03,0,0,0x03,0x03,0,0,0x03,0x03,0,0,0x03,0x03,0,0,0x03,0x03,0,0,0x03,0x03,0,0,0x03,0x03,0,0,0x03,0x03,0,0,0x03,0x03,0,0,0x03,0x03,0,0,0x03,0x03,0x03,0x03,24,24
0x03,0,0,0x03,0x03,0,0,0x03,0x03,0,0,0x03,0x03,0,0,0x03,0x03,0,0,0x03,0x03,0,0,0x03,0x03,0,0,0x03,0x03,0,0,0x03,0x03,0,0,0x03,0x03,0,0,0x03,0x03,0,0,0x03,0x03,0,0,0x03,0x03,0,0,0x03,0x03,0,0,0x03,0x03,0,0,0x03,0x03,0,0,0x03,0x03,0,0,0x03,0x03,0,0,0x03,0x03,0,0,0x03,0x03,0,0,0x03,0x03,0,0,0x03,0x03,0,0,0x03,0x03,0x03,0x03,24,24
0x03,0,0,0x03,0x03,0,0,0x03,0x03,0,0,0x03,0x03,0,0,0x03,0x03,0,0,0x03,0x03,0,0,0x03,0x03,0,0,0x03,0x03,0,0,0x03,0x03,0,0,0x03,0x03,0,0,0x03,0x03,0,0,0x03,0x03,0,0,0x03,0x03,0,0,0x03,0x03,0,0,0x03,0x03,0,0,0x03,0x03,0,0,0x03,0x03,0,0,0x03,0x03,0,0,0x03,0x03,0,0,0x03,0x03,0,0,0x03,0x03,0,0,0x03,0x03,0,0,0x03,0x03,0x03,0x03,24,24
0x03,0,0,0x03,0x03,0,0,0x03,0x03,0,0,0x03,0x03,0,0,0x03,0x03,0,0,0x03,0x03,0,0,0x03,0x03,0,0,0x03,0x03,0,0,0x03,0x03,0,0,0x03,0x03,0,0,0x03,0x03,0,0,0x03,0x03,0,0,0x03,0x03,0,0,0x03,0x03,0,0,0x03,0x03,0,0,0x03,0x03,0,0,0x03,0x03,0,0,0x03,0x03,0,0,0x03,0x03,0,0,0x03,0x03,0,0,0x03,0x03,0,0,0x03,0x03,0,0,0x03,0x03,0x03,0x03,25,3
0x03,0,0,0x03,0x03,0,0,0x03,0x03,0,0,0x03,0x03,0,0,0x03,0x03,0,0,0x03,0x03,0,0,0x03,0x03,0,0,0x03,0x03,0,0,0x03,0x03,0,0,0x03,0x03,0,0,0x03,0x03,0,0,0x03,0x03,0,0,0x03,0x03,0,0,0x03,0x03,0,0,0x03,0x03,0,0,0x03,0x03,0,0,0x03,0x03,0,0,0x03,0x03,0,0,0x03,0x03,0,0,0x03,0x03,0,0,0x03,0x03,0,0,0x03,0x03,0,0,0x03,0x03,0x03,0x03,27,3
0x03,0x03,0x03,0x03,0x03,0x03,0x03,0x03,0x03,0x03,0x03,0x03,0x03,0x03,0x03,0x03,0x03,0x03,0x03,0x03,0x03,0x03,0x03,0x03,0x03,0x03,0x03,0x03,0x03,0x03,0x03,0x03,0x03,0x03,0x03,0x03,0x03,0x03,0x03,0x03,0x03,0x03,0x03,0x03,0x03,0x03,0x03,0x03,0x03,0x03,0x03,0x03,0x03,0x03,0x03,0x03,0x03,0x03,0x03,0x03,0x03,0x03,0x03,0x03,0x03,0x03,0x03,0x03,0x03,0x03,0x03,0x03,0x03,0x03,0x03,0x03,0x03,0x03,0x03,0x03,0x03,0x03,0x03,0x03,0x03,0x03,0x03,0x03,0x03,0x03,0x03,29,0x9e
11,12,13,11,13,4,11,13,11,12,13,11,13,4,11,13,11,12,13,11,13,4,11,13,11,12,13,11,13,4,11,13,11,12,13,11,13,4,11,13,11,12,13,11,13,4,11,13,11,12,13,11,13,4,11,13,11,12,13,11,13,4,11,13,11,12,13,11,13,4,11,13,11,12,13,11,13,4,11,13,11,12,13,11,13,4,11,13,11,12,13,11,13
